Date,Name,Year,Letterboxd URI
2024-09-30,Barbie,2023,https://boxd.it/bCLK
2024-09-30,Everything Everywhere All at Once,2022,https://boxd.it/jUk4
2024-09-30,Spider-Man: Across the Spider-Verse,2023,https://boxd.it/kSz4
2024-09-30,Eternal Sunshine of the Spotless Mind,2004,https://boxd.it/6YK
2024-09-30,Kill Bill: Vol. 1,2003,https://boxd.it/70w
2024-09-30,Dead Poets Society,1989,https://boxd.it/2aSg
2024-09-30,Challengers,2024,https://boxd.it/zld0
2024-09-30,Jojo Rabbit,2019,https://boxd.it/iEBG
2024-09-30,Past Lives,2023,https://boxd.it/oNB8
2024-09-30,The Lighthouse,2019,https://boxd.it/icFU
2024-09-30,Portrait of a Lady on Fire,2019,https://boxd.it/jkPq
2024-09-30,Asteroid City,2023,https://boxd.it/s3ds
2024-09-30,The Watchers,2024,https://boxd.it/F6Rw
2024-09-30,Perfect Days,2023,https://boxd.it/ATh8
2024-09-30,Look Back,2024,https://boxd.it/LjA6
2024-09-30,In the Mood for Love,2000,https://boxd.it/29tE
2024-09-30,Babylon,2022,https://boxd.it/mM02
2024-09-30,The Big Lebowski,1998,https://boxd.it/2b6C
2024-09-30,Manchester by the Sea,2016,https://boxd.it/b2L0
2024-09-30,The Bikeriders,2023,https://boxd.it/C6Ym
2024-09-30,The Lobster,2015,https://boxd.it/7tnw
2024-09-30,Nocturnal Animals,2016,https://boxd.it/bkFu
2024-09-30,Sicario,2015,https://boxd.it/8i7u
2024-09-30,Close,2022,https://boxd.it/y4qa
2024-09-30,The Whale,2022,https://boxd.it/tw4c
2024-09-30,Citizen Kane,1941,https://boxd.it/71O
2024-09-30,Mars Express,2023,https://boxd.it/lATC
2024-09-30,Where the Crawdads Sing,2022,https://boxd.it/psLS
2024-09-30,Phantom Thread,2017,https://boxd.it/e4uc
2024-09-30,Atonement,2007,https://boxd.it/24ui
2024-09-30,DJ Mehdi: Made in France,2024,https://boxd.it/QkA2
2024-09-30,A Silent Voice: The Movie,2016,https://boxd.it/d99c
2024-09-30,Prey,2022,https://boxd.it/sNBU
2024-09-30,Napoleon,2023,https://boxd.it/shJM
2024-09-30,Turning Red,2022,https://boxd.it/ipkq
2024-09-30,The Green Knight,2021,https://boxd.it/kuy2
2024-09-30,Joker: Folie à Deux,2024,https://boxd.it/xBoE
2024-09-30,"tick, tick... BOOM!",2021,https://boxd.it/jz2e
2024-09-30,The Shape of Water,2017,https://boxd.it/dZ5m
2024-09-30,Perfect Blue,1997,https://boxd.it/1W7A
2024-09-30,Daaaaaalí!,2023,https://boxd.it/DzQe
2024-09-30,The Second Act,2024,https://boxd.it/HW9q
2024-09-30,Hideo Kojima: Connecting Worlds,2023,https://boxd.it/GA5E
2024-10-22,Come and See,1985,https://boxd.it/1w9q
2024-10-22,Her,2013,https://boxd.it/4O24
2024-10-22,The Hunt,2012,https://boxd.it/3wEC
2024-10-22,The Iron Giant,1999,https://boxd.it/1Wow
2024-10-22,Magnolia,1999,https://boxd.it/2aze
2024-10-22,Mommy,2014,https://boxd.it/7Uau
2024-10-22,Minari,2020,https://boxd.it/mL9M
2024-10-22,Memories of Murder,2003,https://boxd.it/1TSo
2024-10-22,Pan's Labyrinth,2006,https://boxd.it/28No
2024-10-22,Puss in Boots: The Last Wish,2022,https://boxd.it/aaie
2024-10-22,Punch-Drunk Love,2002,https://boxd.it/20E4
2024-10-22,Suspiria,1977,https://boxd.it/1SNW
2024-10-22,Vertigo,1958,https://boxd.it/2apI
2024-11-20,"The French Dispatch of the Liberty, Kansas Evening Sun",2021,https://boxd.it/jLP8
2024-11-20,Nomadland,2020,https://boxd.it/lnRy
2024-11-20,Spencer,2021,https://boxd.it/qPMG
2024-11-20,El Camino: A Breaking Bad Movie,2019,https://boxd.it/kv0q
2024-11-20,Pig,2021,https://boxd.it/nzoW
2024-11-20,The Machinist,2004,https://boxd.it/248c
2024-11-20,Spring Breakers,2012,https://boxd.it/421s
2024-11-20,Amsterdam,2022,https://boxd.it/oJ58
2024-11-20,Candyman,1992,https://boxd.it/1Ys6
2024-11-20,Shame,2011,https://boxd.it/2CxU
2024-11-20,At Eternity's Gate,2018,https://boxd.it/hI40
2024-12-21,Nosferatu,1922,https://boxd.it/29TM
2024-12-21,A Complete Unknown,2024,https://boxd.it/oBYa
2024-12-26,The Odyssey,2026,https://boxd.it/QFQU
2024-12-26,Untitled The Batman Sequel,2027,https://boxd.it/umDy
2024-12-26,Dune: Part Three,2026,https://boxd.it/ImWe
2025-01-03,Queer,2024,https://boxd.it/E4RW
2025-01-15,The Night of the 12th,2022,https://boxd.it/yQoG
2025-01-21,Mulholland Drive,2001,https://boxd.it/297o
2025-01-25,The Notebook,2004,https://boxd.it/1UNE
2025-01-25,Blue Valentine,2010,https://boxd.it/MxG
2025-01-25,Kinds of Kindness,2024,https://boxd.it/CWPw
2025-01-27,The Wind That Shakes the Barley,2006,https://boxd.it/293Q
2025-01-28,Maria,2024,https://boxd.it/Dh4c
2025-01-28,Mercato,2025,https://boxd.it/KXgI
2025-01-28,Minority Report,2002,https://boxd.it/2aWi
2025-01-28,Blue Velvet,1986,https://boxd.it/29BI
2025-01-28,Twin Peaks,1989,https://boxd.it/g8pk
2025-01-28,Lost Highway,1997,https://boxd.it/29Wc
2025-01-28,Twin Peaks: Fire Walk with Me,1992,https://boxd.it/27Qw
2025-01-28,Twin Peaks: The Return,2017,https://boxd.it/hN9O
2025-01-28,Twin Peaks: The Missing Pieces,2014,https://boxd.it/8NH4
2025-01-31,The Bride!,2026,https://boxd.it/HSw6
2025-02-02,Jackie,2016,https://boxd.it/d6bu
2025-02-04,Avengers: Infinity War,2018,https://boxd.it/9vEe
2025-02-04,Avengers: Endgame,2019,https://boxd.it/9vE4
2025-02-04,Seven Samurai,1954,https://boxd.it/2axi
2025-02-06,The Vanishing,1988,https://boxd.it/1ZTW
2025-02-14,Beauty and the Beast,1946,https://boxd.it/29UA
2025-02-14,The Ties That Bind Us,2024,https://boxd.it/Fuoo
2025-02-15,Snowpiercer,2013,https://boxd.it/3Icg
2025-02-15,A Ghost Story,2017,https://boxd.it/fb0K
2025-02-15,The Game,1997,https://boxd.it/26vC
2025-02-15,All of Us Strangers,2023,https://boxd.it/Bz3C
2025-02-16,Cobweb,2023,https://boxd.it/qywG
2025-02-18,Demolition,2015,https://boxd.it/9GuY
2025-02-18,The Monkey,2025,https://boxd.it/Gwiu
2025-02-18,Fantastic Mr. Fox,2009,https://boxd.it/1WyQ
2025-02-22,Before Sunrise,1995,https://boxd.it/2bcU
2025-02-22,The Alto Knights,2025,https://boxd.it/CjB6
2025-02-22,Little Fish,2020,https://boxd.it/lAFK
2025-02-22,Stalker,1979,https://boxd.it/28PO
2025-02-22,Flow,2024,https://boxd.it/v1Ei
2025-02-22,12 Angry Men,1957,https://boxd.it/2auI
2025-02-22,Aftersun,2022,https://boxd.it/Arw0
2025-02-22,The Virgin Suicides,1999,https://boxd.it/28JG
2025-02-22,The Shawshank Redemption,1994,https://boxd.it/2aHi
2025-02-22,Rosemary's Baby,1968,https://boxd.it/29zM
2025-02-22,An Officer and a Spy,2019,https://boxd.it/dZbE
2025-02-22,Priscilla,2023,https://boxd.it/Cz3k
2025-02-22,Jacob's Ladder,1990,https://boxd.it/270g
2025-02-22,It Follows,2014,https://boxd.it/87wo
2025-02-22,Society of the Snow,2023,https://boxd.it/y9aw
2025-02-22,Mystic River,2003,https://boxd.it/2aAG
2025-02-22,The Haunting of Hill House,2018,https://boxd.it/kfJ0
2025-02-26,The Chronicles of Narnia: Prince Caspian,2008,https://boxd.it/26Hy
2025-02-26,The Chronicles of Narnia: The Voyage of the Dawn Treader,2010,https://boxd.it/1WZs
2025-02-27,Kick-Ass,2010,https://boxd.it/1zaQ
2025-03-01,Souleymane's Story,2024,https://boxd.it/HQVy
2025-03-04,Parthenope,2024,https://boxd.it/FWo2
2025-03-04,Lady Bird,2017,https://boxd.it/dGNE
2025-03-04,Pride & Prejudice,2005,https://boxd.it/24u8
2025-03-04,Misericordia,2024,https://boxd.it/Efxy
2025-03-04,I'm Still Here,2024,https://boxd.it/BPEO
2025-03-06,Harakiri,1962,https://boxd.it/1NTU
2025-03-06,City of God,2002,https://boxd.it/2a2a
2025-03-06,The Wizard of Oz,1939,https://boxd.it/29Xu
2025-03-06,Blade Runner,1982,https://boxd.it/2bcA
2025-03-06,"Paris, Texas",1984,https://boxd.it/29Ts
2025-03-06,Taxi Driver,1976,https://boxd.it/2b8y
2025-03-06,Moonlight,2016,https://boxd.it/d6bE
2025-03-06,Catch Me If You Can,2002,https://boxd.it/29VS
2025-03-06,Training Day,2001,https://boxd.it/27A4
2025-03-06,Ghost in the Shell,1995,https://boxd.it/1YYc
2025-03-06,The Wild Robot,2024,https://boxd.it/IWFy
2025-03-06,The Addams Family,1991,https://boxd.it/267g
2025-03-06,The Prestige,2006,https://boxd.it/293w
2025-03-06,Lost in Translation,2003,https://boxd.it/2b0E
2025-03-06,Life of Pi,2012,https://boxd.it/37pC
2025-03-06,Birdman or (The Unexpected Virtue of Ignorance),2014,https://boxd.it/5RFA
2025-03-06,Dr. Strangelove or: How I Learned to Stop Worrying and Love the Bomb,1964,https://boxd.it/29eY
2025-03-06,Dark Waters,2019,https://boxd.it/kaYu
2025-03-06,The Holdovers,2023,https://boxd.it/vHza
2025-03-06,Monster,2023,https://boxd.it/DJEM
2025-03-06,"Crazy, Stupid, Love.",2011,https://boxd.it/D9A
2025-03-06,Decision to Leave,2022,https://boxd.it/qp9e
2025-03-06,Under the Silver Lake,2018,https://boxd.it/dSAs
2025-03-07,Black Bag,2025,https://boxd.it/KRbM
2025-03-10,On the Silver Globe,1988,https://boxd.it/1sAM
2025-03-11,Trainspotting,1996,https://boxd.it/29XY
2025-03-11,Steve Jobs,2015,https://boxd.it/araG
2025-03-15,Germinal,1993,https://boxd.it/A6y
2025-03-18,Materialists,2025,https://boxd.it/GZlW
2025-03-19,The Neon Demon,2016,https://boxd.it/9AnW
2025-03-20,Ne Zha,2019,https://boxd.it/mKSm
2025-03-20,Ne Zha 2,2025,https://boxd.it/B2qe
2025-03-20,Mirror,1975,https://boxd.it/28Q8
2025-03-24,Darkman,1990,https://boxd.it/1YnK
2025-03-24,The Beast,2023,https://boxd.it/yqmk
2025-03-24,Triangle,2009,https://boxd.it/1tQG
2025-03-24,Fantastic Planet,1973,https://boxd.it/1KnQ
2025-03-24,No One Will Save You,2023,https://boxd.it/uUO6
2025-03-24,Shanghai Blues,1984,https://boxd.it/4zMG
2025-03-26,Little White Lies,2010,https://boxd.it/JiI
2025-03-26,Caché,2005,https://boxd.it/2amY
2025-03-26,Dogville,2003,https://boxd.it/2a8W
2025-03-26,Before Sunset,2004,https://boxd.it/2bcg
2025-03-26,Before Midnight,2013,https://boxd.it/4ive
2025-03-27,Waves,2019,https://boxd.it/jpmy
2025-03-27,No Other Land,2024,https://boxd.it/KOTG
2025-03-29,Boiling Point,2021,https://boxd.it/uo2u
2025-03-30,Frankenstein,1931,https://boxd.it/25Te
2025-04-01,A Bug's Life,1998,https://boxd.it/1Yyy
2025-04-01,The Kingdom of Dreams and Madness,2013,https://boxd.it/7oOi
2025-04-10,Alpha,2025,https://boxd.it/N008
2025-04-11,The Phoenician Scheme,2025,https://boxd.it/H0Ca
2025-04-11,Nightcrawler,2014,https://boxd.it/780m
2025-04-11,Dallas Buyers Club,2013,https://boxd.it/4O8G
2025-04-11,"Oh, Canada",2024,https://boxd.it/G7TU
2025-04-11,Case 137,2025,https://boxd.it/NoSo
2025-04-11,Eleanor the Great,2025,https://boxd.it/JZLm
2025-04-11,Children of Men,2006,https://boxd.it/1Y2i
2025-04-11,The Florida Project,2017,https://boxd.it/dMG0
2025-04-13,Possum,2018,https://boxd.it/gW5u
2025-04-17,The Tree of Life,2011,https://boxd.it/1Zu8
2025-04-17,The Darjeeling Limited,2007,https://boxd.it/24as
2025-04-22,Valerie and Her Week of Wonders,1970,https://boxd.it/NsC
2025-04-25,Solaris,2002,https://boxd.it/27qS
2025-04-25,Donnie Darko,2001,https://boxd.it/2b2A
2025-05-04,Labyrinth of Dreams,1997,https://boxd.it/2EuS
2025-05-05,"The Good, the Bad and the Ugly",1966,https://boxd.it/2ape
2025-05-06,Lincoln,2012,https://boxd.it/2n2s
2025-05-06,It Comes at Night,2017,https://boxd.it/eLuk
2025-05-07,The Wicker Man,1973,https://boxd.it/1KnG
2025-05-07,Last Shift,2014,https://boxd.it/9nda
2025-05-07,"Prey, Man!",2025,https://boxd.it/Szja
2025-05-07,Highest 2 Lowest,2025,https://boxd.it/LcIC
2025-05-12,Fallen Angels,1995,https://boxd.it/1UkW
2025-05-12,Coka Chicas,2025,https://boxd.it/TooK
2025-05-12,20th Century Women,2016,https://boxd.it/bqU6
2025-05-13,Life Itself,2018,https://boxd.it/fUda
2025-05-13,A Good Person,2023,https://boxd.it/u8sw
2025-05-14,Sound of Falling,2025,https://boxd.it/Km9K
2025-05-14,Two Prosecutors,2025,https://boxd.it/LTvG
2025-05-14,Mission: Impossible – The Final Reckoning,2025,https://boxd.it/l7A2
2025-05-15,Chungking Express,1994,https://boxd.it/1UDa
2025-05-15,Shoplifters,2018,https://boxd.it/ifY6
2025-05-16,Arco,2025,https://boxd.it/uh7C
2025-05-16,Magazine Dreams,2023,https://boxd.it/tv1w
2025-05-17,Die My Love,2025,https://boxd.it/D5cI
2025-05-17,Pierrot le Fou,1965,https://boxd.it/26j2
2025-05-17,Nouvelle Vague,2025,https://boxd.it/LLLQ
2025-05-19,Outer Dark,,https://boxd.it/V0XU
2025-05-21,A Private Life,2025,https://boxd.it/NeQs
2025-05-23,Urchin,2025,https://boxd.it/MY30
2025-05-23,Honey Don't!,2025,https://boxd.it/Hurc
2025-05-24,The Chronology of Water,2025,https://boxd.it/j3pq
2025-05-24,Modern Times,1936,https://boxd.it/25MC
2025-05-24,Metropolis,1927,https://boxd.it/71a
2025-05-24,Gone with the Wind,1939,https://boxd.it/29Fq
2025-05-24,Fantasia,1940,https://boxd.it/29HG
2025-05-24,The Wages of Fear,1953,https://boxd.it/2aSK
2025-05-24,Ben-Hur,1959,https://boxd.it/29RQ
2025-05-24,The Ten Commandments,1956,https://boxd.it/21mg
2025-05-24,Battleship Potemkin,1925,https://boxd.it/29Vo
2025-05-24,All About Eve,1950,https://boxd.it/29LI
2025-05-24,Lawrence of Arabia,1962,https://boxd.it/2wRE
2025-05-24,Face/Off,1997,https://boxd.it/29I0
2025-05-28,It Was Just an Accident,2025,https://boxd.it/TX2k
2025-05-28,The History of Sound,2025,https://boxd.it/xFY2
2025-06-10,The Friends,1994,https://boxd.it/3RcE
2025-06-12,Hoard,2023,https://boxd.it/BDGo
2025-06-19,Chime,2024,https://boxd.it/KiS2
2025-06-19,Out of the Furnace,2013,https://boxd.it/572i
2025-06-21,Fractured,2019,https://boxd.it/kPL2
2025-06-22,Clayface,2026,https://boxd.it/RTVm
2025-06-22,Bringing Out the Dead,1999,https://boxd.it/1ZZK
2025-06-27,Grenfell: Uncovered,2025,https://boxd.it/TNMW
2025-06-28,Vultures,2025,https://boxd.it/BSGe
2025-06-28,Gatto,2027,https://boxd.it/VE9U
2025-07-07,Marie Antoinette,2006,https://boxd.it/27Wa
2025-07-11,Rubber,2010,https://boxd.it/P2m
2025-07-11,Mandibles,2020,https://boxd.it/nHDK
2025-07-11,Smoking Causes Coughing,2022,https://boxd.it/wVl4
2025-07-11,Incredible But True,2022,https://boxd.it/rBtC
2025-07-12,When Life Gives You Tangerines,2025,https://boxd.it/TRlA
2025-07-12,Raigyo,1997,https://boxd.it/1aV8
2025-07-13,Bleeder,1999,https://boxd.it/1HKs
2025-07-15,The Edge of Love,2008,https://boxd.it/1OQs
2025-07-15,The Jacket,2005,https://boxd.it/1Y6a
2025-07-18,Cosmopolis,2012,https://boxd.it/H4O
2025-07-20,I Love Peru,2025,https://boxd.it/UP3Q
2025-07-20,THX 1138,1971,https://boxd.it/29Ww
2025-07-25,Reality,2014,https://boxd.it/5txC
2025-08-05,Shelby Oaks,2024,https://boxd.it/zmMK
2025-08-05,American Psycho,,https://boxd.it/Lzfy
2025-08-09,Knight of Cups,2015,https://boxd.it/34Qq
2025-08-09,Good Boy,2025,https://boxd.it/SC0q
2025-08-09,The Assistant,2019,https://boxd.it/neWo
2025-08-09,The Amateur,2025,https://boxd.it/F9NW
2025-08-13,Breathless,1960,https://boxd.it/2aIK
2025-08-13,The Usual Suspects,1995,https://boxd.it/29XE
2025-08-14,Rebooted,2019,https://boxd.it/nhco
2025-08-14,Heaven Knows What,2014,https://boxd.it/8P1a
2025-08-15,mid90s,2018,https://boxd.it/fxIa
2025-08-17,Imperium,2016,https://boxd.it/d0N8
2025-08-19,Elephant,2003,https://boxd.it/287i
2025-08-19,The Celebration,1998,https://boxd.it/2aCM
2025-08-19,Ritual,2000,https://boxd.it/14z6
2025-08-19,Love & Pop,1998,https://boxd.it/2sv0
2025-08-21,A Summer's Tale,1996,https://boxd.it/183e
2025-08-21,The Green Ray,1986,https://boxd.it/t8W
2025-08-21,My Night at Maud's,1969,https://boxd.it/Hwo
2025-08-23,"Sorry, Baby",2025,https://boxd.it/JKNi
2025-08-25,Sonatine,1993,https://boxd.it/20TI
2025-08-28,Loving Vincent,2017,https://boxd.it/biIQ
2025-08-28,Barry Lyndon,1975,https://boxd.it/25A2
2025-09-07,Bronson,2008,https://boxd.it/1GM8
2025-09-07,Last Days,2005,https://boxd.it/28lY
2025-09-07,The Mist,2007,https://boxd.it/22r2
2025-09-08,The Smashing Machine,2025,https://boxd.it/syUC
2025-09-08,Rosalie,2023,https://boxd.it/BDgg
2025-09-08,Forever Young,2022,https://boxd.it/w2zA
2025-09-10,Lurker,2025,https://boxd.it/McHG
2025-09-12,Dog 51,2025,https://boxd.it/MhAA
2025-09-12,Christy,2025,https://boxd.it/N6Ye
2025-09-13,Full Metal Jacket,1987,https://boxd.it/2a1Q
2025-09-13,Paths of Glory,1957,https://boxd.it/29b6
2025-09-13,The Super Mario Galaxy Movie,2026,https://boxd.it/KzPa
2025-09-13,The Super Mario Bros. Movie,2023,https://boxd.it/i8C8
2025-09-13,Dumb Money,2023,https://boxd.it/tNdU
2025-09-13,The Fallout,2021,https://boxd.it/tViI
2025-09-17,White Right: Meeting the Enemy,2017,https://boxd.it/iSFW
2025-09-17,Breaking the Waves,1996,https://boxd.it/2b1W
2025-09-20,The Guyver,1991,https://boxd.it/1MYa
2025-09-22,Boogie Nights,1997,https://boxd.it/23um
2025-09-29,Romeo + Juliet,1996,https://boxd.it/2ama
2025-09-29,Coffee and Cigarettes,2003,https://boxd.it/29nc
2025-09-29,Burnt,2015,https://boxd.it/9mVg
2025-09-29,Good Time,2017,https://boxd.it/fcFu
2025-09-29,Run,2020,https://boxd.it/jVM4
2025-09-29,Dangerous Encounters of the First Kind,1980,https://boxd.it/3xOy
2025-09-30,The Master,2012,https://boxd.it/2cBG
2025-10-01,Nouvelle Vague,1990,https://boxd.it/1gFU
2025-10-01,The Shrinking Man,2025,https://boxd.it/KRVg
2025-10-01,The Dogs,2025,https://boxd.it/EU7c
2025-10-02,Resurrection,2025,https://boxd.it/x9DG
2025-10-02,Hamilton,2020,https://boxd.it/kmvE
2025-10-02,Eddington,2025,https://boxd.it/o6MC
2025-10-03,Angst,1983,https://boxd.it/1G46
2025-10-03,Lamb,2021,https://boxd.it/tFwE
2025-10-03,Eyes Without a Face,1960,https://boxd.it/1j9i
2025-10-03,End of Watch,2012,https://boxd.it/2F5O
2025-10-03,American Hustle,2013,https://boxd.it/5dz8
2025-10-04,Tsunami: Race Against Time,2024,https://boxd.it/SviW
2025-10-04,No Time to Die,2021,https://boxd.it/cPX2
2025-10-08,Arcadian,2024,https://boxd.it/DOtu
2025-10-08,In Whose Name?,2025,https://boxd.it/R9Sm
2025-10-09,Meteors,2025,https://boxd.it/M7M2
2025-10-12,Grand Illusion,1937,https://boxd.it/29Ei
2025-10-13,Frontier(s),2007,https://boxd.it/1Q3M
2025-10-13,Mirrors,2008,https://boxd.it/1Q0y
2025-10-13,High Life,2018,https://boxd.it/d6bk
2025-10-14,Infinity Pool,2023,https://boxd.it/oPSK
2025-10-16,House of Voices,2004,https://boxd.it/1Chg
2025-10-17,Skin,2018,https://boxd.it/jMiY
2025-10-17,The Day of the Jackal,2024,https://boxd.it/Rr4a
2025-10-17,The Assassination of Jesse James by the Coward Robert Ford,2007,https://boxd.it/24dG
2025-10-17,Black Phone 2,2025,https://boxd.it/JpbW
2025-10-17,The Northman,2022,https://boxd.it/nK2s
2025-10-18,The Perfect Neighbor,2025,https://boxd.it/RSG6
2025-10-19,Rampo Noir,2005,https://boxd.it/KNM
2025-10-21,The Last Temptation of Christ,1988,https://boxd.it/1ULe
2025-10-21,If I Had Legs I'd Kick You,2025,https://boxd.it/HUtS
2025-10-21,Sunshine,2007,https://boxd.it/28Xy
2025-10-24,Wind River,2017,https://boxd.it/dR3i
2025-10-25,Banana Fish,2018,https://boxd.it/qL4q
2025-10-26,Mandala,1971,https://boxd.it/3yj2
2025-10-27,Cure,1997,https://boxd.it/1blA
2025-10-28,Un Chien Andalou,1929,https://boxd.it/29Y8
2025-10-29,Tetsuo: The Iron Man,1989,https://boxd.it/ZoM
2025-10-31,Solaris,1972,https://boxd.it/2a2Y
2025-11-08,The Stranger,2025,https://boxd.it/STpW
2025-11-09,Mother,2009,https://boxd.it/1m9g
2025-11-09,The Devils,1971,https://boxd.it/1inI
2025-11-09,Freaks,1932,https://boxd.it/2b3o
2025-11-10,The Wind Rises,2013,https://boxd.it/4JQS
2025-11-10,Black Bird,2022,https://boxd.it/BCSe
2025-11-12,They Look Like People,2015,https://boxd.it/aAEg
2025-11-13,Goodnight Mommy,2014,https://boxd.it/8Niy
2025-11-13,Big Little Lies,2017,https://boxd.it/fYde
2025-11-13,Violent Cop,1989,https://boxd.it/1Rym
2025-11-14,Big World,2024,https://boxd.it/MKSS
2025-11-15,The Handmaiden,2016,https://boxd.it/948A
2025-11-16,I Saw the Devil,2010,https://boxd.it/FaK
2025-11-16,Nobody,2012,https://boxd.it/dxH8
2025-11-16,The Conformist,1970,https://boxd.it/20cE
2025-11-16,Under the Skin,2013,https://boxd.it/3mDa
2025-11-16,Thelma,2017,https://boxd.it/e7Ce
2025-11-16,It has to be lived once and dreamed twice,2019,https://boxd.it/loGQ
2025-11-16,Terrified,2017,https://boxd.it/hCyy
2025-11-16,The Medium,2021,https://boxd.it/s0oi
2025-11-16,The Borderlands,2013,https://boxd.it/6dIw
2025-11-16,Threads,1984,https://boxd.it/1I0g
2025-11-16,The Players,2025,https://boxd.it/SMEU
2025-11-17,When Evil Lurks,2023,https://boxd.it/rXBe
2025-11-17,In My Skin,2002,https://boxd.it/283A
2025-11-17,May the Devil Take You,2018,https://boxd.it/j3Ha
2025-11-17,I Saw the TV Glow,2024,https://boxd.it/woVe
2025-11-24,Pacifiction,2022,https://boxd.it/pOfa
2025-11-24,The Death of Louis XIV,2016,https://boxd.it/cTOo
2025-11-24,Afternoons of Solitude,2024,https://boxd.it/APRc
2025-11-24,The Dying Rooms,1995,https://boxd.it/5D9g
2025-11-24,Orozco the Embalmer,2001,https://boxd.it/3yFW
2025-11-24,How to Die in Oregon,2011,https://boxd.it/2dK
2025-11-29,I Am Sam,2001,https://boxd.it/1V04
2025-11-30,She Rides Shotgun,2025,https://boxd.it/JoCs
2025-11-30,Legend,2015,https://boxd.it/8qZY
2025-11-30,Dark Water,2002,https://boxd.it/1Sik
2025-12-01,The Voice of Hind Rajab,2025,https://boxd.it/UXdO
2025-12-02,Mother Mary,2026,https://boxd.it/FILw
2025-12-03,Portrait of God,,https://boxd.it/ZimK
2025-12-03,Evil Dead II,1987,https://boxd.it/29Ge
2025-12-03,The Evil Dead,1981,https://boxd.it/29Go
2025-12-03,Untitled Jordan Peele Film,,https://boxd.it/FHH4
2025-12-03,Candyman,2021,https://boxd.it/kHFg
2025-12-03,Monkey Man,2024,https://boxd.it/kvsO
2025-12-05,Strip-Tease intégral,2025,https://boxd.it/QjFK
2025-12-05,The Irishman,2019,https://boxd.it/dYOq
2025-12-05,Licorice Pizza,2021,https://boxd.it/qTKY
2025-12-05,The Thin Red Line,1998,https://boxd.it/1ZTM
2025-12-05,Carlito's Way,1993,https://boxd.it/226e
2025-12-11,Hamnet,2025,https://boxd.it/woVy
2025-12-11,The Worst Person in the World,2021,https://boxd.it/oyws
2025-12-11,The Curious Case of Benjamin Button,2008,https://boxd.it/23Fk
2025-12-11,Hamlet,1996,https://boxd.it/1VZc
2025-12-11,Love & Death,2023,https://boxd.it/Gdw8
2025-12-11,Eyes Wide Shut,1999,https://boxd.it/2axs
2025-12-12,The Moment,2026,https://boxd.it/SCkg
2025-12-13,Happyend,2024,https://boxd.it/rnUa
2025-12-14,Burning,2018,https://boxd.it/hHUa
2025-12-15,From Paris with Love,2010,https://boxd.it/1tXs
2025-12-15,Primer,2004,https://boxd.it/6YA
2025-12-16,Kika,2025,https://boxd.it/O7vk
2025-12-16,Wake Up Dead Man,2025,https://boxd.it/uAKS
2025-12-16,Eternity,2025,https://boxd.it/LYtK
2025-12-16,1408,2007,https://boxd.it/25Vu
2025-12-17,De Gaulle: Tilting Iron (Film 1),2026,https://boxd.it/I688
2025-12-17,De Gaulle: The Sovereign Edge (Film 2),2026,https://boxd.it/I68i
2025-12-17,Disclosure Day,2026,https://boxd.it/MDJY
2025-12-17,Vanilla Sky,2001,https://boxd.it/27TK
2025-12-18,The Secret Agent,2025,https://boxd.it/KkUE
2025-12-22,Angel's Egg,1985,https://boxd.it/1LeA
2025-12-25,Alleluia,2014,https://boxd.it/867M
2025-12-26,Ollie,2024,https://boxd.it/GWpG
2025-12-27,Werwulf,2026,https://boxd.it/SC72
2025-12-28,Hardcore Henry,2015,https://boxd.it/aAIM
2025-12-28,Caught by the Tides,2024,https://boxd.it/GZ4Q
2025-12-28,The Life of Chuck,2024,https://boxd.it/vMTu
2026-01-01,Magellan,2025,https://boxd.it/APTM
2026-01-01,Les Misérables,2026,https://boxd.it/LdqO
2026-01-01,The Dog Stars,2026,https://boxd.it/RfZI
2026-01-01,Tell Her That I Love Her,2025,https://boxd.it/KnGA
2026-01-04,Kiss Kiss Bang Bang,2005,https://boxd.it/23c8
2026-01-07,The Talented Mr. Ripley,1999,https://boxd.it/2924
2026-01-07,Closer,2004,https://boxd.it/270K
2026-01-07,The Pop Out: Ken & Friends,2024,https://boxd.it/NQLK
2026-01-07,The Death of Robin Hood,2026,https://boxd.it/N08c
2026-01-07,Nuremberg,2025,https://boxd.it/K6qU
2026-01-07,Mad God,2021,https://boxd.it/vVPm
2026-01-07,Shin Kamen Rider,2023,https://boxd.it/uDlw
2026-01-07,Elden Ring,2028,https://boxd.it/V9Le
2026-01-07,Death Stranding,,https://boxd.it/Ebcw
2026-01-07,Untitled Julia Ducournau & A24 Project,,https://boxd.it/GqMe
2026-01-09,Army of Shadows,1969,https://boxd.it/1Mli
2026-01-09,Le Samouraï,1967,https://boxd.it/22ZI
2026-01-11,Days of Glory,2006,https://boxd.it/27CO
2026-01-13,Cuckoo,2024,https://boxd.it/wMjI
2026-01-13,Visitor Q,2001,https://boxd.it/24DE
2026-01-13,Eden Lake,2008,https://boxd.it/1Q1m
2026-01-13,Cloverfield,2008,https://boxd.it/2192
2026-01-14,Bone Tomahawk,2015,https://boxd.it/9kiw
2026-01-14,Scent of a Woman,1992,https://boxd.it/1YAu
2026-01-15,Them,2006,https://boxd.it/1VhE
2026-01-16,Reflection in a Dead Diamond,2025,https://boxd.it/CjmU
2026-01-16,The Young Girls of Rochefort,1967,https://boxd.it/26K8
2026-01-16,The Gleaners and I,2000,https://boxd.it/S6c
2026-01-16,The Beaches of Agnès,2008,https://boxd.it/14Y6
2026-01-16,Faces Places,2017,https://boxd.it/g7ck
2026-01-16,Phantom of the Paradise,1974,https://boxd.it/1s34
2026-01-16,The Crimson Rivers,2000,https://boxd.it/ftG
2026-01-16,The Night House,2020,https://boxd.it/jZze
2026-01-16,The Ritual,2017,https://boxd.it/fo0I
2026-01-17,Sender,2026,https://boxd.it/UhA2
2026-01-17,Son of Saul,2015,https://boxd.it/b6r4
2026-01-17,Sunset,2018,https://boxd.it/dZ5w
2026-01-17,Moulin,2026,https://boxd.it/TcO2
2026-01-17,Jennifer's Body,2009,https://boxd.it/1Efw
2026-01-17,Colours of Time,2025,https://boxd.it/KWqC
2026-01-17,"I, Tonya",2017,https://boxd.it/dzR0
2026-01-17,Burn After Reading,2008,https://boxd.it/23BW
2026-01-17,Signs,2002,https://boxd.it/26t2
2026-01-17,Midnight Mass,2021,https://boxd.it/wvVA
2026-01-17,Spotlight,2015,https://boxd.it/a84k
2026-01-18,Detachment,2011,https://boxd.it/2BiY
2026-01-20,28 Years Later Part 3,,https://boxd.it/MvzG
2026-01-21,Heel,2025,https://boxd.it/R9M4
2026-01-21,The Mortuary Assistant,2026,https://boxd.it/UwbQ
2026-01-22,The Addiction,1995,https://boxd.it/1cZQ
2026-01-22,Baby Invasion,2024,https://boxd.it/M6VC
2026-01-22,Peaked,,https://boxd.it/SRU4
2026-01-22,Force Majeure,2014,https://boxd.it/7UcA
2026-01-25,Train Dreams,2025,https://boxd.it/LdDo
2026-01-25,Oddity,2024,https://boxd.it/K9pg
2026-01-25,No Other Choice,2025,https://boxd.it/nKiA
2026-01-25,Lady Vengeance,2005,https://boxd.it/248G
2026-01-26,The Grandmaster,2013,https://boxd.it/QU0
2026-01-26,The Verge of Death,2023,https://boxd.it/EDgQ
2026-01-28,Bodies Bodies Bodies,2022,https://boxd.it/iRcE
2026-01-28,Caveat,2020,https://boxd.it/rX5M
2026-01-28,825 Forest Road,2025,https://boxd.it/MXym
2026-01-28,Mr. Sardonicus,1961,https://boxd.it/1nzu
2026-01-31,The Beatles: Paul,2028,https://boxd.it/LpR8
2026-01-31,The Beatles: George,2028,https://boxd.it/LpRi
2026-01-31,The Beatles: John,2028,https://boxd.it/LpQY
2026-01-31,The Beatles: Ringo,2028,https://boxd.it/LpRs
2026-02-04,I'm Thinking of Ending Things,2020,https://boxd.it/i4IQ
2026-02-04,National Theatre Live: Romeo and Juliet,2021,https://boxd.it/tePY
2026-02-04,The Crowded Room,2023,https://boxd.it/GViY
2026-02-06,Full Phil,,https://boxd.it/XVhq
2026-02-09,Cry to Heaven,,https://boxd.it/Sk0M
2026-02-09,The Devil,1972,https://boxd.it/3iRC
2026-02-09,Untitled Possession Remake,,https://boxd.it/NJZU
2026-02-10,Onslaught,2026,https://boxd.it/MYKI
2026-02-10,King Snake,,https://boxd.it/YBEc
2026-02-10,Stan,,https://boxd.it/109ju
2026-02-11,Couture,2025,https://boxd.it/Rvc8
2026-02-11,Penguin's Memory: A Tale of Happiness,1985,https://boxd.it/eHl4
2026-02-12,Long Day's Journey Into Night,2018,https://boxd.it/hw1I
2026-02-12,Backrooms,2026,https://boxd.it/EY6W
2026-02-14,Hoppers,2026,https://boxd.it/OFpg
2026-02-14,Obsession,2025,https://boxd.it/PNqo
2026-02-20,Cronos,1992,https://boxd.it/1TjS
2026-02-20,Kanawa,1972,https://boxd.it/6SYU
2026-02-23,A Sad and Beautiful World,2025,https://boxd.it/R0hQ
2026-02-25,Ravenous,2017,https://boxd.it/eDPk
2026-02-25,Sharp Objects,2018,https://boxd.it/j3NM
2026-02-28,Comédie-Française,2026,https://boxd.it/VC6O
2026-03-01,Two People Exchanging Saliva,2024,https://boxd.it/PM3e
2026-03-04,Three Incestuous Sisters,,https://boxd.it/11h7S
2026-03-06,In a Violent Nature,2024,https://boxd.it/K5eI
2026-03-06,In a Violent Nature 2,,https://boxd.it/OrI4
2026-03-06,Lee Cronin's The Mummy,2026,https://boxd.it/NM9C
2026-03-07,Julian,2025,https://boxd.it/SAUG
2026-03-10,Whistle,2025,https://boxd.it/JgGm
2026-03-10,Alter Ego,2026,https://boxd.it/Mhz8
2026-03-15,Faces of Death,2026,https://boxd.it/wiLC
2026-03-15,Timecrimes,2007,https://boxd.it/1OGM
2026-03-15,Fireball: Visitors from Darker Worlds,2020,https://boxd.it/l5iA
2026-03-16,Anemone,2025,https://boxd.it/QxVi
2026-03-17,Nosferatu the Vampyre,1979,https://boxd.it/21J0
2026-03-17,Queen Margot,1994,https://boxd.it/1Wec
2026-03-17,The Third Part of the Night,1971,https://boxd.it/Miw
2026-03-18,Kaun?,1999,https://boxd.it/4y6Y
2026-03-18,Caged,2010,https://boxd.it/nGo
2026-03-19,Orphan,2025,https://boxd.it/ue3W
2026-03-19,Brothers,2014,https://boxd.it/dVNa
2026-03-19,The Tell-Tale Heart,2008,https://boxd.it/dmKU
2026-03-20,A Different Man,2024,https://boxd.it/BoEC
2026-03-22,Say Less,2026,https://boxd.it/TJtc
2026-03-23,Lost Illusions,2021,https://boxd.it/oxSW
2026-03-25,Man Bites Dog,1992,https://boxd.it/1X7Q
2026-03-29,How to Make a Killing,2026,https://boxd.it/gLi8
2026-03-30,A Snake of June,2002,https://boxd.it/1fuQ
2026-04-01,The Young People,,https://boxd.it/X7vs
2026-04-01,Mermaid Legend,1984,https://boxd.it/5bGc
2026-04-01,Godzilla,1954,https://boxd.it/28kc
2026-04-01,Hokum,2026,https://boxd.it/SUeq
2026-04-01,Persona,1966,https://boxd.it/29B4
2026-04-01,Close Encounters of the Third Kind,1977,https://boxd.it/29u8
2026-04-02,Sibyl,2019,https://boxd.it/kum6
2026-04-02,Digger,2026,https://boxd.it/LwDC
2026-04-02,A.I. Artificial Intelligence,2001,https://boxd.it/29Ve
2026-04-02,Exsanguina,2026,https://boxd.it/10KWe
2026-04-03,The Nightingale,2027,https://boxd.it/goge
2026-04-03,La Vénus électrique,2026,https://boxd.it/TopS
2026-04-04,Dreams,2025,https://boxd.it/GTZw
2026-04-09,Ungrateful Beings,2025,https://boxd.it/X3FI
2026-04-14,Unthinkable,2010,https://boxd.it/16y0
2026-04-14,Psycho Killer,2026,https://boxd.it/FSNi
2026-04-15,Storm Rider: Legend of Hammerhead,2026,https://boxd.it/x09C
2026-04-15,Passenger,2026,https://boxd.it/QGFo
2026-04-16,Godard Mon Amour,2017,https://boxd.it/eGLK
2026-04-16,"When Morning Comes, I Feel Empty",2022,https://boxd.it/EA72
2026-04-17,The Night of the Hunter,1955,https://boxd.it/25HW
2026-04-17,The Changeling,1980,https://boxd.it/1PVy
2026-04-17,Something Very Bad Is Going to Happen,2026,https://boxd.it/11QRm
2026-04-18,The Great Beauty,2013,https://boxd.it/5ty6
2026-04-18,How to Blow Up a Pipeline,2022,https://boxd.it/C69e
2026-04-19,Matthias & Maxime,2019,https://boxd.it/iOQ2
2026-04-19,I Killed My Mother,2009,https://boxd.it/1ubO
2026-04-19,Laurence Anyways,2012,https://boxd.it/3HQu
2026-04-22,Delirium,2018,https://boxd.it/bkvk
2026-04-22,"Good Luck, Have Fun, Don't Die",2025,https://boxd.it/Glua
2026-04-22,Helter Skelter,2012,https://boxd.it/3ybW
2026-04-25,looksMAXXING,,https://boxd.it/10tzC
2026-04-27,Noroi: The Curse,2005,https://boxd.it/1BN6
2026-04-29,Apex,2026,https://boxd.it/OjMW
2026-04-29,Verity,2026,https://boxd.it/MYia
2026-04-30,The Departed,2006,https://boxd.it/28MA
2026-04-30,The Sadness,2021,https://boxd.it/tcHe
